/*
Navicat MySQL Data Transfer

Source Server         : 192.168.110.10
Source Server Version : 50722
Source Host           : 192.168.110.10:3306
Source Database       : remexs_user

Target Server Type    : MYSQL
Target Server Version : 50722
File Encoding         : 65001

Date: 2018-07-09 12:19:00
*/

SET FOREIGN_KEY_CHECKS=0;

-- ----------------------------
-- Table structure for `re_resource`
-- ----------------------------
DROP TABLE IF EXISTS `re_resource`;
CREATE TABLE `re_resource` (
  `id` varchar(32) NOT NULL COMMENT '接口编码',
  `server_id` varchar(32) NOT NULL COMMENT '服务编码',
  `name` varchar(20) NOT NULL COMMENT '接口名称',
  `filter` varchar(10) DEFAULT 'none' COMMENT '接口验证方式',
  `code` varchar(50) NOT NULL COMMENT '接口代码',
  `method` varchar(20) NOT NULL COMMENT '接口请求方式',
  `path` varchar(100) NOT NULL COMMENT '接口路径',
  `locked` tinyint(1) DEFAULT '0' COMMENT '是否锁定',
  `create_id` varchar(32) NOT NULL COMMENT '创建者',
  `create_time` datetime NOT NULL COMMENT '创建时间',
  `update_id` bigint(32) DEFAULT NULL COMMENT '修改人',
  `update_time` datetime DEFAULT NULL COMMENT '修改时间',
  PRIMARY KEY (`id`)
) ENGINE=InnoDB DEFAULT CHARSET=utf8 COMMENT='服务API接口分配';

-- ----------------------------
-- Records of re_resource
-- ----------------------------
INSERT INTO `re_resource` VALUES ('1015516390481772546', '1015494607695319042', '新增', 'none', 'resource:add', 'POST', '/resource', '0', '0', '2018-07-07 16:42:30', null, null);
INSERT INTO `re_resource` VALUES ('1015516390787956738', '1015494607695319042', '删除', 'none', 'resource:remove', 'DELETE', '/resource/{*}', '0', '0', '2018-07-07 16:42:30', null, null);
INSERT INTO `re_resource` VALUES ('1015516390947340289', '1015494607695319042', '查看', 'none', 'resource:get', 'GET', '/resource/{*}', '0', '0', '2018-07-07 16:42:30', null, null);
INSERT INTO `re_resource` VALUES ('1015516391152861185', '1015494607695319042', '修改', 'none', 'resource:update', 'PUT', '/resource/{*}', '0', '0', '2018-07-07 16:42:30', null, null);
INSERT INTO `re_resource` VALUES ('1015516391538737154', '1015494607695319042', '列表', 'none', 'resource:list', 'PATCH', '/resource', '0', '0', '2018-07-07 16:42:30', null, null);
INSERT INTO `re_resource` VALUES ('1015516391710703617', '1015494607695319042', '新增', 'none', 'role:resource:add', 'POST', '/role/resource', '0', '0', '2018-07-07 16:42:30', null, null);
INSERT INTO `re_resource` VALUES ('1015516391895252993', '1015494607695319042', '删除', 'none', 'role:resource:remove', 'DELETE', '/role/resource/{*}', '0', '0', '2018-07-07 16:42:30', null, null);
INSERT INTO `re_resource` VALUES ('1015516392075608066', '1015494607695319042', '查看', 'none', 'role:resource:get', 'GET', '/role/resource/{*}', '0', '0', '2018-07-07 16:42:30', null, null);
INSERT INTO `re_resource` VALUES ('1015516392264351746', '1015494607695319042', '修改', 'none', 'role:resource:update', 'PUT', '/role/resource/{*}', '0', '0', '2018-07-07 16:42:30', null, null);
INSERT INTO `re_resource` VALUES ('1015516392415346689', '1015494607695319042', '列表', 'none', 'role:resource:list', 'PATCH', '/role/resource', '0', '0', '2018-07-07 16:42:30', null, null);
INSERT INTO `re_resource` VALUES ('1015516392574730241', '1015494607695319042', '注册服务', 'none', 'server:add', 'POST', '/server/add', '0', '0', '2018-07-07 16:42:30', null, null);
INSERT INTO `re_resource` VALUES ('1015516392717336578', '1015494607695319042', '客户端连接服务', 'none', 'server:connect', 'POST', '/server/connect', '0', '0', '2018-07-07 16:42:30', null, null);
INSERT INTO `re_resource` VALUES ('1015516393036103682', '1015494607695319042', '获得鉴权中心鉴权配置信息', 'none', 'server:getConfig', 'GET', '/server/getConfig', '0', '0', '2018-07-07 16:42:30', null, null);
INSERT INTO `re_resource` VALUES ('1015516393216458754', '1015494607695319042', '根据服务编码获得服务密钥', 'none', 'server:getSecret', 'GET', '/server/getSecret', '0', '0', '2018-07-07 16:42:30', null, null);
INSERT INTO `re_resource` VALUES ('1015516393392619521', '1015494607695319042', '判断服务是否有权限访问指定方法', 'none', 'server:hasPromiseBy', 'POST', '/server/hasPromiseBy', '0', '0', '2018-07-07 16:42:30', null, null);
INSERT INTO `re_resource` VALUES ('1015516393581363202', '1015494607695319042', '删除', 'none', 'server:remove', 'DELETE', '/server/{*}', '0', '0', '2018-07-07 16:42:30', null, null);
INSERT INTO `re_resource` VALUES ('1015516393744941057', '1015494607695319042', '查看', 'none', 'server:get', 'GET', '/server/{*}', '0', '0', '2018-07-07 16:42:30', null, null);
INSERT INTO `re_resource` VALUES ('1015516393887547393', '1015494607695319042', '修改', 'none', 'server:update', 'PUT', '/server/{*}', '0', '0', '2018-07-07 16:42:30', null, null);
INSERT INTO `re_resource` VALUES ('1015516394017570818', '1015494607695319042', '列表', 'none', 'server:list', 'PATCH', '/server', '0', '0', '2018-07-07 16:42:30', null, null);
INSERT INTO `re_resource` VALUES ('1015516394151788545', '1015494607695319042', '新增', 'none', 'server:resource:add', 'POST', '/server/resource', '0', '0', '2018-07-07 16:42:30', null, null);
INSERT INTO `re_resource` VALUES ('1015516394302783489', '1015494607695319042', '删除', 'none', 'server:resource:remove', 'DELETE', '/server/resource/{*}', '0', '0', '2018-07-07 16:42:30', null, null);
INSERT INTO `re_resource` VALUES ('1015516394487332865', '1015494607695319042', '查看', 'none', 'server:resource:get', 'GET', '/server/resource/{*}', '0', '0', '2018-07-07 16:42:30', null, null);
INSERT INTO `re_resource` VALUES ('1015516394705436674', '1015494607695319042', '修改', 'none', 'server:resource:update', 'PUT', '/server/resource/{*}', '0', '0', '2018-07-07 16:42:31', null, null);
INSERT INTO `re_resource` VALUES ('1015516394885791746', '1015494607695319042', '列表', 'none', 'server:resource:list', 'PATCH', '/server/resource', '0', '0', '2018-07-07 16:42:31', null, null);
INSERT INTO `re_resource` VALUES ('1015516395108089858', '1015494607695319042', '用户注册', 'none', 'user:register', 'POST', '/user/register', '0', '0', '2018-07-07 16:42:31', null, null);
INSERT INTO `re_resource` VALUES ('1015516395301027842', '1015494607695319042', '用户登陆', 'none', 'user:login', 'POST', '/user/login', '0', '0', '2018-07-07 16:42:31', null, null);
INSERT INTO `re_resource` VALUES ('1015516395489771521', '1015494607695319042', '新增', 'none', 'user:add', 'POST', '/user', '0', '0', '2018-07-07 16:42:31', null, null);
INSERT INTO `re_resource` VALUES ('1015516395707875329', '1015494607695319042', '删除', 'none', 'user:remove', 'DELETE', '/user/{*}', '0', '0', '2018-07-07 16:42:31', null, null);
INSERT INTO `re_resource` VALUES ('1015516395905007618', '1015494607695319042', '查看', 'none', 'user:get', 'GET', '/user/{*}', '0', '0', '2018-07-07 16:42:31', null, null);
INSERT INTO `re_resource` VALUES ('1015516396072779778', '1015494607695319042', '修改', 'none', 'user:update', 'PUT', '/user/{*}', '0', '0', '2018-07-07 16:42:31', null, null);
INSERT INTO `re_resource` VALUES ('1015516396282494978', '1015494607695319042', '列表', 'none', 'user:list', 'PATCH', '/user', '0', '0', '2018-07-07 16:42:31', null, null);
INSERT INTO `re_resource` VALUES ('1015516396488015874', '1015494607695319042', '新增', 'none', 'user:role:add', 'POST', '/user/role', '0', '0', '2018-07-07 16:42:31', null, null);
INSERT INTO `re_resource` VALUES ('1015516396651593729', '1015494607695319042', '删除', 'none', 'user:role:remove', 'DELETE', '/user/role/{*}', '0', '0', '2018-07-07 16:42:31', null, null);
INSERT INTO `re_resource` VALUES ('1015516396802588674', '1015494607695319042', '查看', 'none', 'user:role:get', 'GET', '/user/role/{*}', '0', '0', '2018-07-07 16:42:31', null, null);
INSERT INTO `re_resource` VALUES ('1015516396941000705', '1015494607695319042', '修改', 'none', 'user:role:update', 'PUT', '/user/role/{*}', '0', '0', '2018-07-07 16:42:31', null, null);
INSERT INTO `re_resource` VALUES ('1015516397096189953', '1015494607695319042', '列表', 'none', 'user:role:list', 'PATCH', '/user/role', '0', '0', '2018-07-07 16:42:31', null, null);
INSERT INTO `re_resource` VALUES ('1015517565771890690', '1015495180058431490', '获得用户列表', 'none', 'company:users', 'PATCH', '/company/users', '0', '0', '2018-07-07 16:47:10', null, null);
INSERT INTO `re_resource` VALUES ('1015517566094852098', '1015495180058431490', '新增', 'none', 'company:add', 'POST', '/company', '0', '0', '2018-07-07 16:47:10', '0', '2018-07-07 16:47:11');
INSERT INTO `re_resource` VALUES ('1015517566363287554', '1015495180058431490', '删除', 'none', 'company:remove', 'DELETE', '/company/{*}', '0', '0', '2018-07-07 16:47:10', '0', '2018-07-07 16:47:11');
INSERT INTO `re_resource` VALUES ('1015517566656888833', '1015495180058431490', '查看', 'none', 'company:get', 'GET', '/company/{*}', '0', '0', '2018-07-07 16:47:10', '0', '2018-07-07 16:47:11');
INSERT INTO `re_resource` VALUES ('1015517567130845185', '1015495180058431490', '修改', 'none', 'company:update', 'PUT', '/company/{*}', '0', '0', '2018-07-07 16:47:10', '0', '2018-07-07 16:47:11');
INSERT INTO `re_resource` VALUES ('1015517568703709185', '1015495180058431490', '列表', 'none', 'company:list', 'PATCH', '/company', '0', '0', '2018-07-07 16:47:10', '0', '2018-07-07 16:47:11');
INSERT INTO `re_resource` VALUES ('1015517570561785858', '1015495180058431490', '新增', 'none', 'employee:add', 'POST', '/employee', '0', '0', '2018-07-07 16:47:11', null, null);
INSERT INTO `re_resource` VALUES ('1015517570826027009', '1015495180058431490', '删除', 'none', 'employee:remove', 'DELETE', '/employee/{*}', '0', '0', '2018-07-07 16:47:11', null, null);
INSERT INTO `re_resource` VALUES ('1015517571056713730', '1015495180058431490', '查看', 'none', 'employee:get', 'GET', '/employee/{*}', '0', '0', '2018-07-07 16:47:11', null, null);
INSERT INTO `re_resource` VALUES ('1015517571279011841', '1015495180058431490', '修改', 'none', 'employee:update', 'PUT', '/employee/{*}', '0', '0', '2018-07-07 16:47:11', null, null);
INSERT INTO `re_resource` VALUES ('1015517571534864386', '1015495180058431490', '列表', 'none', 'employee:list', 'PATCH', '/employee', '0', '0', '2018-07-07 16:47:11', null, null);

-- ----------------------------
-- Table structure for `re_role`
-- ----------------------------
DROP TABLE IF EXISTS `re_role`;
CREATE TABLE `re_role` (
  `id` varchar(32) NOT NULL COMMENT '角色编码',
  `code` varchar(20) NOT NULL,
  `name` varchar(20) NOT NULL COMMENT '角色名称',
  `parent_id` varchar(32) NOT NULL COMMENT '父类编码',
  `type` tinyint(1) NOT NULL DEFAULT '0' COMMENT '0:角色分组，1:角色',
  `create_time` datetime NOT NULL COMMENT '创建时间',
  `update_id` bigint(32) DEFAULT NULL COMMENT '修改人',
  `update_time` datetime DEFAULT NULL COMMENT '修改时间',
  `create_id` varchar(32) NOT NULL COMMENT '创建者',
  PRIMARY KEY (`id`)
) ENGINE=InnoDB DEFAULT CHARSET=utf8 COMMENT='角色';

-- ----------------------------
-- Records of re_role
-- ----------------------------
INSERT INTO `re_role` VALUES ('1014894111011995650', 'G_DEV', '开发组', '0', '0', '2018-07-06 12:23:55', null, null, '0');
INSERT INTO `re_role` VALUES ('1014911968110268417', 'G_TEST', '测试组', '0', '0', '2018-07-06 12:25:37', null, null, '0');
INSERT INTO `re_role` VALUES ('1015054083398107138', 'DEV_PROMISE', '鉴权开发', '1014894111011995650', '1', '2018-07-06 12:27:22', null, null, '0');

-- ----------------------------
-- Table structure for `re_role_resource`
-- ----------------------------
DROP TABLE IF EXISTS `re_role_resource`;
CREATE TABLE `re_role_resource` (
  `id` varchar(32) NOT NULL,
  `role_id` varchar(32) NOT NULL COMMENT '角色编码',
  `resource_id` varchar(32) NOT NULL COMMENT '资源编码集合',
  PRIMARY KEY (`id`)
) ENGINE=InnoDB DEFAULT CHARSET=utf8 COMMENT='角色服务关联表';

-- ----------------------------
-- Records of re_role_resource
-- ----------------------------
INSERT INTO `re_role_resource` VALUES ('1015516390746013698', '1015054083398107138', '1015516390481772546');
INSERT INTO `re_role_resource` VALUES ('1015516390905397249', '1015054083398107138', '1015516390787956738');
INSERT INTO `re_role_resource` VALUES ('1015516391106723841', '1015054083398107138', '1015516390947340289');
INSERT INTO `re_role_resource` VALUES ('1015516391291273217', '1015054083398107138', '1015516391152861185');
INSERT INTO `re_role_resource` VALUES ('1015516391668760578', '1015054083398107138', '1015516391538737154');
INSERT INTO `re_role_resource` VALUES ('1015516391857504257', '1015054083398107138', '1015516391710703617');
INSERT INTO `re_role_resource` VALUES ('1015516392037859329', '1015054083398107138', '1015516391895252993');
INSERT INTO `re_role_resource` VALUES ('1015516392222408706', '1015054083398107138', '1015516392075608066');
INSERT INTO `re_role_resource` VALUES ('1015516392390180865', '1015054083398107138', '1015516392264351746');
INSERT INTO `re_role_resource` VALUES ('1015516392541175810', '1015054083398107138', '1015516392415346689');
INSERT INTO `re_role_resource` VALUES ('1015516392687976450', '1015054083398107138', '1015516392574730241');
INSERT INTO `re_role_resource` VALUES ('1015516392847360002', '1015054083398107138', '1015516392717336578');
INSERT INTO `re_role_resource` VALUES ('1015516393178710018', '1015054083398107138', '1015516393036103682');
INSERT INTO `re_role_resource` VALUES ('1015516393354870786', '1015054083398107138', '1015516393216458754');
INSERT INTO `re_role_resource` VALUES ('1015516393539420162', '1015054083398107138', '1015516393392619521');
INSERT INTO `re_role_resource` VALUES ('1015516393715580929', '1015054083398107138', '1015516393581363202');
INSERT INTO `re_role_resource` VALUES ('1015516393858187265', '1015054083398107138', '1015516393744941057');
INSERT INTO `re_role_resource` VALUES ('1015516393988210690', '1015054083398107138', '1015516393887547393');
INSERT INTO `re_role_resource` VALUES ('1015516394122428418', '1015054083398107138', '1015516394017570818');
INSERT INTO `re_role_resource` VALUES ('1015516394269229057', '1015054083398107138', '1015516394151788545');
INSERT INTO `re_role_resource` VALUES ('1015516394437001217', '1015054083398107138', '1015516394302783489');
INSERT INTO `re_role_resource` VALUES ('1015516394650910722', '1015054083398107138', '1015516394487332865');
INSERT INTO `re_role_resource` VALUES ('1015516394785128450', '1015054083398107138', '1015516394705436674');
INSERT INTO `re_role_resource` VALUES ('1015516395057758209', '1015054083398107138', '1015516394885791746');
INSERT INTO `re_role_resource` VALUES ('1015516395259084802', '1015054083398107138', '1015516395108089858');
INSERT INTO `re_role_resource` VALUES ('1015516395447828482', '1015054083398107138', '1015516395301027842');
INSERT INTO `re_role_resource` VALUES ('1015516395649155074', '1015054083398107138', '1015516395489771521');
INSERT INTO `re_role_resource` VALUES ('1015516395837898754', '1015054083398107138', '1015516395707875329');
INSERT INTO `re_role_resource` VALUES ('1015516396039225345', '1015054083398107138', '1015516395905007618');
INSERT INTO `re_role_resource` VALUES ('1015516396240551938', '1015054083398107138', '1015516396072779778');
INSERT INTO `re_role_resource` VALUES ('1015516396441878529', '1015054083398107138', '1015516396282494978');
INSERT INTO `re_role_resource` VALUES ('1015516396605456386', '1015054083398107138', '1015516396488015874');
INSERT INTO `re_role_resource` VALUES ('1015516396769034241', '1015054083398107138', '1015516396651593729');
INSERT INTO `re_role_resource` VALUES ('1015516396911640577', '1015054083398107138', '1015516396802588674');
INSERT INTO `re_role_resource` VALUES ('1015516397058441218', '1015054083398107138', '1015516396941000705');
INSERT INTO `re_role_resource` VALUES ('1015516397528203266', '1015054083398107138', '1015516397096189953');
INSERT INTO `re_role_resource` VALUES ('1015517566031937538', '1015054083398107138', '1015517565771890690');
INSERT INTO `re_role_resource` VALUES ('1015517566300372993', '1015054083398107138', '1015517566094852098');
INSERT INTO `re_role_resource` VALUES ('1015517566581391362', '1015054083398107138', '1015517566363287554');
INSERT INTO `re_role_resource` VALUES ('1015517566849826817', '1015054083398107138', '1015517566656888833');
INSERT INTO `re_role_resource` VALUES ('1015517568644988930', '1015054083398107138', '1015517567130845185');
INSERT INTO `re_role_resource` VALUES ('1015517568917618689', '1015054083398107138', '1015517568703709185');
INSERT INTO `re_role_resource` VALUES ('1015517570763112450', '1015054083398107138', '1015517570561785858');
INSERT INTO `re_role_resource` VALUES ('1015517571006382082', '1015054083398107138', '1015517570826027009');
INSERT INTO `re_role_resource` VALUES ('1015517571228680194', '1015054083398107138', '1015517571056713730');
INSERT INTO `re_role_resource` VALUES ('1015517571480338434', '1015054083398107138', '1015517571279011841');
INSERT INTO `re_role_resource` VALUES ('1015517571711025154', '1015054083398107138', '1015517571534864386');

-- ----------------------------
-- Table structure for `re_server`
-- ----------------------------
DROP TABLE IF EXISTS `re_server`;
CREATE TABLE `re_server` (
  `id` varchar(32) NOT NULL COMMENT '服务编码',
  `name` varchar(20) NOT NULL COMMENT '服务名',
  `code` varchar(32) NOT NULL,
  `secret` varchar(255) NOT NULL COMMENT '服务密钥',
  `desc` varchar(255) DEFAULT NULL COMMENT '服务描述',
  `create_id` varchar(32) NOT NULL COMMENT '创建者',
  `create_time` datetime NOT NULL COMMENT '创建时间',
  `update_id` varchar(32) DEFAULT NULL COMMENT '修改人',
  `update_time` datetime DEFAULT NULL COMMENT '修改时间',
  PRIMARY KEY (`id`)
) ENGINE=InnoDB DEFAULT CHARSET=utf8;

-- ----------------------------
-- Records of re_server
-- ----------------------------
INSERT INTO `re_server` VALUES ('1015494607695319042', '服务鉴权模块', 'remexs-auth', 'KESRqcBy', '服务鉴权模块', '0', '2018-07-07 15:15:56', '0', '2018-07-07 16:42:29');
INSERT INTO `re_server` VALUES ('1015495180058431490', '集团信息服务模块', 'remexs-company', 'AQW1vdBV', '集团信息服务模块', '0', '2018-07-07 15:18:13', '0', '2018-07-07 16:47:09');

-- ----------------------------
-- Table structure for `re_server_resource`
-- ----------------------------
DROP TABLE IF EXISTS `re_server_resource`;
CREATE TABLE `re_server_resource` (
  `id` varchar(32) NOT NULL,
  `server_id` varchar(32) NOT NULL COMMENT '客户端编码',
  `resource_id` varchar(32) NOT NULL COMMENT '客户端分配的资源编码',
  PRIMARY KEY (`id`)
) ENGINE=InnoDB DEFAULT CHARSET=utf8 COMMENT='客户端接口分配';

-- ----------------------------
-- Records of re_server_resource
-- ----------------------------
INSERT INTO `re_server_resource` VALUES ('1015516390632767489', '1015494607695319042', '1015516390481772546');
INSERT INTO `re_server_resource` VALUES ('1015516390683099137', '1015495180058431490', '1015516390481772546');
INSERT INTO `re_server_resource` VALUES ('1015516390842482690', '1015494607695319042', '1015516390787956738');
INSERT INTO `re_server_resource` VALUES ('1015516390876037122', '1015495180058431490', '1015516390787956738');
INSERT INTO `re_server_resource` VALUES ('1015516391018643458', '1015494607695319042', '1015516390947340289');
INSERT INTO `re_server_resource` VALUES ('1015516391060586498', '1015495180058431490', '1015516390947340289');
INSERT INTO `re_server_resource` VALUES ('1015516391219970050', '1015494607695319042', '1015516391152861185');
INSERT INTO `re_server_resource` VALUES ('1015516391257718786', '1015495180058431490', '1015516391152861185');
INSERT INTO `re_server_resource` VALUES ('1015516391589068801', '1015494607695319042', '1015516391538737154');
INSERT INTO `re_server_resource` VALUES ('1015516391626817538', '1015495180058431490', '1015516391538737154');
INSERT INTO `re_server_resource` VALUES ('1015516391777812482', '1015494607695319042', '1015516391710703617');
INSERT INTO `re_server_resource` VALUES ('1015516391815561218', '1015495180058431490', '1015516391710703617');
INSERT INTO `re_server_resource` VALUES ('1015516391962361858', '1015494607695319042', '1015516391895252993');
INSERT INTO `re_server_resource` VALUES ('1015516392004304898', '1015495180058431490', '1015516391895252993');
INSERT INTO `re_server_resource` VALUES ('1015516392142716929', '1015494607695319042', '1015516392075608066');
INSERT INTO `re_server_resource` VALUES ('1015516392180465665', '1015495180058431490', '1015516392075608066');
INSERT INTO `re_server_resource` VALUES ('1015516392323072002', '1015494607695319042', '1015516392264351746');
INSERT INTO `re_server_resource` VALUES ('1015516392360820738', '1015495180058431490', '1015516392264351746');
INSERT INTO `re_server_resource` VALUES ('1015516392478261249', '1015494607695319042', '1015516392415346689');
INSERT INTO `re_server_resource` VALUES ('1015516392507621377', '1015495180058431490', '1015516392415346689');
INSERT INTO `re_server_resource` VALUES ('1015516392620867585', '1015494607695319042', '1015516392574730241');
INSERT INTO `re_server_resource` VALUES ('1015516392654422018', '1015495180058431490', '1015516392574730241');
INSERT INTO `re_server_resource` VALUES ('1015516392776056833', '1015494607695319042', '1015516392717336578');
INSERT INTO `re_server_resource` VALUES ('1015516392809611265', '1015495180058431490', '1015516392717336578');
INSERT INTO `re_server_resource` VALUES ('1015516393094823938', '1015494607695319042', '1015516393036103682');
INSERT INTO `re_server_resource` VALUES ('1015516393140961282', '1015495180058431490', '1015516393036103682');
INSERT INTO `re_server_resource` VALUES ('1015516393283567617', '1015494607695319042', '1015516393216458754');
INSERT INTO `re_server_resource` VALUES ('1015516393317122050', '1015495180058431490', '1015516393216458754');
INSERT INTO `re_server_resource` VALUES ('1015516393447145473', '1015494607695319042', '1015516393392619521');
INSERT INTO `re_server_resource` VALUES ('1015516393493282817', '1015495180058431490', '1015516393392619521');
INSERT INTO `re_server_resource` VALUES ('1015516393640083457', '1015494607695319042', '1015516393581363202');
INSERT INTO `re_server_resource` VALUES ('1015516393673637889', '1015495180058431490', '1015516393581363202');
INSERT INTO `re_server_resource` VALUES ('1015516393799467010', '1015494607695319042', '1015516393744941057');
INSERT INTO `re_server_resource` VALUES ('1015516393828827138', '1015495180058431490', '1015516393744941057');
INSERT INTO `re_server_resource` VALUES ('1015516393929490433', '1015494607695319042', '1015516393887547393');
INSERT INTO `re_server_resource` VALUES ('1015516393958850562', '1015495180058431490', '1015516393887547393');
INSERT INTO `re_server_resource` VALUES ('1015516394063708161', '1015494607695319042', '1015516394017570818');
INSERT INTO `re_server_resource` VALUES ('1015516394093068290', '1015495180058431490', '1015516394017570818');
INSERT INTO `re_server_resource` VALUES ('1015516394202120193', '1015494607695319042', '1015516394151788545');
INSERT INTO `re_server_resource` VALUES ('1015516394235674625', '1015495180058431490', '1015516394151788545');
INSERT INTO `re_server_resource` VALUES ('1015516394361503745', '1015494607695319042', '1015516394302783489');
INSERT INTO `re_server_resource` VALUES ('1015516394395058178', '1015495180058431490', '1015516394302783489');
INSERT INTO `re_server_resource` VALUES ('1015516394567024641', '1015494607695319042', '1015516394487332865');
INSERT INTO `re_server_resource` VALUES ('1015516394608967681', '1015495180058431490', '1015516394487332865');
INSERT INTO `re_server_resource` VALUES ('1015516394764156929', '1015494607695319042', '1015516394705436674');
INSERT INTO `re_server_resource` VALUES ('1015516394785128449', '1015495180058431490', '1015516394705436674');
INSERT INTO `re_server_resource` VALUES ('1015516394973872130', '1015494607695319042', '1015516394885791746');
INSERT INTO `re_server_resource` VALUES ('1015516395015815170', '1015495180058431490', '1015516394885791746');
INSERT INTO `re_server_resource` VALUES ('1015516395171004418', '1015494607695319042', '1015516395108089858');
INSERT INTO `re_server_resource` VALUES ('1015516395217141761', '1015495180058431490', '1015516395108089858');
INSERT INTO `re_server_resource` VALUES ('1015516395363942402', '1015494607695319042', '1015516395301027842');
INSERT INTO `re_server_resource` VALUES ('1015516395401691137', '1015495180058431490', '1015516395301027842');
INSERT INTO `re_server_resource` VALUES ('1015516395561074689', '1015494607695319042', '1015516395489771521');
INSERT INTO `re_server_resource` VALUES ('1015516395603017729', '1015495180058431490', '1015516395489771521');
INSERT INTO `re_server_resource` VALUES ('1015516395774984193', '1015494607695319042', '1015516395707875329');
INSERT INTO `re_server_resource` VALUES ('1015516395795955714', '1015495180058431490', '1015516395707875329');
INSERT INTO `re_server_resource` VALUES ('1015516395967922178', '1015494607695319042', '1015516395905007618');
INSERT INTO `re_server_resource` VALUES ('1015516396005670914', '1015495180058431490', '1015516395905007618');
INSERT INTO `re_server_resource` VALUES ('1015516396144082945', '1015494607695319042', '1015516396072779778');
INSERT INTO `re_server_resource` VALUES ('1015516396190220289', '1015495180058431490', '1015516396072779778');
INSERT INTO `re_server_resource` VALUES ('1015516396349603842', '1015494607695319042', '1015516396282494978');
INSERT INTO `re_server_resource` VALUES ('1015516396353798145', '1015495180058431490', '1015516396282494978');
INSERT INTO `re_server_resource` VALUES ('1015516396529958914', '1015494607695319042', '1015516396488015874');
INSERT INTO `re_server_resource` VALUES ('1015516396571901954', '1015495180058431490', '1015516396488015874');
INSERT INTO `re_server_resource` VALUES ('1015516396710313985', '1015494607695319042', '1015516396651593729');
INSERT INTO `re_server_resource` VALUES ('1015516396739674113', '1015495180058431490', '1015516396651593729');
INSERT INTO `re_server_resource` VALUES ('1015516396852920322', '1015494607695319042', '1015516396802588674');
INSERT INTO `re_server_resource` VALUES ('1015516396882280449', '1015495180058431490', '1015516396802588674');
INSERT INTO `re_server_resource` VALUES ('1015516396987138050', '1015494607695319042', '1015516396941000705');
INSERT INTO `re_server_resource` VALUES ('1015516397024886786', '1015495180058431490', '1015516396941000705');
INSERT INTO `re_server_resource` VALUES ('1015516397142327297', '1015494607695319042', '1015516397096189953');
INSERT INTO `re_server_resource` VALUES ('1015516397175881730', '1015495180058431490', '1015516397096189953');
INSERT INTO `re_server_resource` VALUES ('1015517565880942593', '1015494607695319042', '1015517565771890690');
INSERT INTO `re_server_resource` VALUES ('1015517565948051458', '1015495180058431490', '1015517565771890690');
INSERT INTO `re_server_resource` VALUES ('1015517566174543874', '1015494607695319042', '1015517566094852098');
INSERT INTO `re_server_resource` VALUES ('1015517566233264129', '1015495180058431490', '1015517566094852098');
INSERT INTO `re_server_resource` VALUES ('1015517566442979329', '1015494607695319042', '1015517566363287554');
INSERT INTO `re_server_resource` VALUES ('1015517566510088193', '1015495180058431490', '1015517566363287554');
INSERT INTO `re_server_resource` VALUES ('1015517566732386306', '1015494607695319042', '1015517566656888833');
INSERT INTO `re_server_resource` VALUES ('1015517566791106562', '1015495180058431490', '1015517566656888833');
INSERT INTO `re_server_resource` VALUES ('1015517568519159809', '1015494607695319042', '1015517567130845185');
INSERT INTO `re_server_resource` VALUES ('1015517568582074369', '1015495180058431490', '1015517567130845185');
INSERT INTO `re_server_resource` VALUES ('1015517568800178178', '1015494607695319042', '1015517568703709185');
INSERT INTO `re_server_resource` VALUES ('1015517568858898434', '1015495180058431490', '1015517568703709185');
INSERT INTO `re_server_resource` VALUES ('1015517570641477634', '1015494607695319042', '1015517570561785858');
INSERT INTO `re_server_resource` VALUES ('1015517570700197889', '1015495180058431490', '1015517570561785858');
INSERT INTO `re_server_resource` VALUES ('1015517570893135873', '1015494607695319042', '1015517570826027009');
INSERT INTO `re_server_resource` VALUES ('1015517570947661825', '1015495180058431490', '1015517570826027009');
INSERT INTO `re_server_resource` VALUES ('1015517571123822594', '1015494607695319042', '1015517571056713730');
INSERT INTO `re_server_resource` VALUES ('1015517571178348545', '1015495180058431490', '1015517571056713730');
INSERT INTO `re_server_resource` VALUES ('1015517571358703617', '1015494607695319042', '1015517571279011841');
INSERT INTO `re_server_resource` VALUES ('1015517571421618178', '1015495180058431490', '1015517571279011841');
INSERT INTO `re_server_resource` VALUES ('1015517571601973249', '1015494607695319042', '1015517571534864386');
INSERT INTO `re_server_resource` VALUES ('1015517571648110594', '1015495180058431490', '1015517571534864386');

-- ----------------------------
-- Table structure for `re_user`
-- ----------------------------
DROP TABLE IF EXISTS `re_user`;
CREATE TABLE `re_user` (
  `id` varchar(32) NOT NULL COMMENT '用户编码',
  `name` varchar(20) NOT NULL COMMENT '用户名称',
  `account` varchar(32) NOT NULL COMMENT '用户账号',
  `password` varchar(64) NOT NULL COMMENT '用户密码',
  `create_id` varchar(32) NOT NULL COMMENT '创建者',
  `create_time` datetime NOT NULL COMMENT '创建时间',
  `update_id` bigint(32) DEFAULT NULL COMMENT '修改人',
  `update_time` datetime DEFAULT NULL COMMENT '修改时间',
  PRIMARY KEY (`id`)
) ENGINE=InnoDB DEFAULT CHARSET=utf8 COMMENT='系统用户表';

-- ----------------------------
-- Records of re_user
-- ----------------------------
INSERT INTO `re_user` VALUES ('996924922188062722', '刘其', 'liuqi', '$2a$12$pOKOFPGzhF7Tb7PGZkGS7ucHFGYldC66//j3jbjdDiaM0tvgsLOIa', '0', '2018-05-17 09:26:38', null, null);

-- ----------------------------
-- Table structure for `re_user_role`
-- ----------------------------
DROP TABLE IF EXISTS `re_user_role`;
CREATE TABLE `re_user_role` (
  `id` varchar(32) NOT NULL,
  `role_id` varchar(32) NOT NULL COMMENT '角色编码',
  `user_id` varchar(32) NOT NULL COMMENT '用户编码',
  PRIMARY KEY (`id`)
) ENGINE=InnoDB DEFAULT CHARSET=utf8 COMMENT='用户角色';

-- ----------------------------
-- Records of re_user_role
-- ----------------------------
INSERT INTO `re_user_role` VALUES ('1014894111011995650', '1015054083398107138', '996924922188062722');
